SET @OLD_UNIQUE_CHECKS=@@UNIQUE_CHECKS, UNIQUE_CHECKS=0;
SET @OLD_FOREIGN_KEY_CHECKS=@@FOREIGN_KEY_CHECKS, FOREIGN_KEY_CHECKS=0;
-- SET @OLD_SQL_MODE=@@SQL_MODE, SQL_MODE='TRADITIONAL';

SET global time_zone = '-5:00'; -- commented out in this version

SET SQL_MODE='TRADITIONAL,ALLOW_INVALID_DATES';
  

CREATE SCHEMA web_analytics;
USE web_analytics;

--
-- Creating an empty shell for the table 'website_sessions'. We will populate it later. 
--

CREATE TABLE website_sessions (
  website_session_id BIGINT UNSIGNED NOT NULL AUTO_INCREMENT,
  created_at TIMESTAMP NOT NULL,
  user_id BIGINT UNSIGNED NOT NULL,
  is_repeat_session SMALLINT UNSIGNED NOT NULL, 
  utm_source VARCHAR(12), 
  utm_campaign VARCHAR(20),
  utm_content VARCHAR(15), 
  device_type VARCHAR(15), 
  http_referer VARCHAR(30),
  PRIMARY KEY (website_session_id),
  KEY website_sessions_user_id (user_id)
)ENGINE=InnoDB DEFAULT CHARSET=UTF8MB4;


--
-- Creating an empty shell for the table 'website_pageviews'. We will populate it later. 
--

CREATE TABLE website_pageviews (
  website_pageview_id BIGINT UNSIGNED NOT NULL AUTO_INCREMENT,
  created_at TIMESTAMP NOT NULL,
  website_session_id BIGINT UNSIGNED NOT NULL,
  pageview_url VARCHAR(50) NOT NULL,
  PRIMARY KEY (website_pageview_id),
  KEY website_pageviews_website_session_id (website_session_id)
)ENGINE=InnoDB DEFAULT CHARSET=UTF8MB4;


--
-- Creating an empty shell for the table 'products'. We will populate it later. 
--

CREATE TABLE products (
  product_id BIGINT UNSIGNED NOT NULL AUTO_INCREMENT,
  created_at TIMESTAMP NOT NULL,
  product_name VARCHAR(50) NOT NULL,
  PRIMARY KEY (product_id)
)ENGINE=InnoDB DEFAULT CHARSET=UTF8MB4;

--
-- Creating an empty shell for the table 'orders'. We will populate it later. 
--

CREATE TABLE orders (
  order_id BIGINT UNSIGNED NOT NULL AUTO_INCREMENT,
  created_at TIMESTAMP NOT NULL,
  website_session_id BIGINT UNSIGNED NOT NULL,
  user_id BIGINT UNSIGNED NOT NULL,
  primary_product_id SMALLINT UNSIGNED NOT NULL,
  items_purchased SMALLINT UNSIGNED NOT NULL,
  price_usd DECIMAL(6,2) NOT NULL,
  cogs_usd DECIMAL(6,2) NOT NULL,
  PRIMARY KEY (order_id),
  KEY orders_website_session_id (website_session_id)
)ENGINE=InnoDB DEFAULT CHARSET=UTF8MB4;


--
-- Creating an empty shell for the table 'order_items'. We will populate it later. 
--

CREATE TABLE order_items (
  order_item_id BIGINT UNSIGNED NOT NULL AUTO_INCREMENT,
  created_at TIMESTAMP NOT NULL,
  order_id BIGINT UNSIGNED NOT NULL,
  product_id SMALLINT UNSIGNED NOT NULL,
  is_primary_item SMALLINT UNSIGNED NOT NULL,
  price_usd DECIMAL(6,2) NOT NULL,
  cogs_usd DECIMAL(6,2) NOT NULL,
  PRIMARY KEY (order_item_id),
  KEY order_items_order_id (order_id)
)ENGINE=InnoDB DEFAULT CHARSET=UTF8MB4;


--
-- Creating an empty shell for the table 'order_item_refunds'. We will populate it later. 
--

CREATE TABLE order_item_refunds (
  order_item_refund_id BIGINT UNSIGNED NOT NULL AUTO_INCREMENT,
  created_at TIMESTAMP NOT NULL,
  order_item_id BIGINT UNSIGNED NOT NULL,
  order_id BIGINT UNSIGNED NOT NULL,
  refund_amount_usd DECIMAL(6,2) NOT NULL,
  PRIMARY KEY (order_item_refund_id),
  KEY order_items_order_id (order_id),
  KEY order_items_order_item_id (order_item_id)
)ENGINE=InnoDB DEFAULT CHARSET=UTF8MB4;


--
-- Inserting the data for our website_sessions table. 
--

SET AUTOCOMMIT=0;
INSERT INTO website_sessions VALUES 
(1,'2012-03-19 08:04:16',1,0,'gsearch','nonbrand','g_ad_1','mobile','https://www.gsearch.com'),
(2,'2012-03-19 08:16:49',2,0,'gsearch','nonbrand','g_ad_1','desktop','https://www.gsearch.com'),
(3,'2012-03-19 08:26:55',3,0,'gsearch','nonbrand','g_ad_1','desktop','https://www.gsearch.com'),
(4,'2012-03-19 08:37:33',4,0,'gsearch','nonbrand','g_ad_1','desktop','https://www.gsearch.com'),
(5,'2012-03-19 09:00:55',5,0,'gsearch','nonbrand','g_ad_1','mobile','https://www.gsearch.com'),
(6,'2012-03-19 09:05:46',6,0,'gsearch','nonbrand','g_ad_1','desktop','https://www.gsearch.com'),
(7,'2012-03-19 09:06:27',7,0,'gsearch','nonbrand','g_ad_1','mobile','https://www.gsearch.com'),
(8,'2012-03-19 09:17:17',8,0,'gsearch','nonbrand','g_ad_1','mobile','https://www.gsearch.com'),
(9,'2012-03-19 09:27:56',9,0,'gsearch','nonbrand','g_ad_1','mobile','https://www.gsearch.com'),
(10,'2012-03-19 09:35:37',10,0,'gsearch','nonbrand','g_ad_1','mobile','https://www.gsearch.com'),
(11,'2012-03-19 09:37:42',11,0,'gsearch','nonbrand','g_ad_1','mobile','https://www.gsearch.com'),
(12,'2012-03-19 09:39:57',12,0,'gsearch','nonbrand','g_ad_1','mobile','https://www.gsearch.com'),
(13,'2012-03-19 09:45:29',13,0,'gsearch','nonbrand','g_ad_1','desktop','https://www.gsearch.com'),
(14,'2012-03-19 09:45:47',14,0,'gsearch','nonbrand','g_ad_1','mobile','https://www.gsearch.com'),
(15,'2012-03-19 09:57:14',15,0,'gsearch','nonbrand','g_ad_1','desktop','https://www.gsearch.com'),
(16,'2012-03-19 10:01:35',16,0,'gsearch','nonbrand','g_ad_1','mobile','https://www.gsearch.com'),
(17,'2012-03-19 10:14:34',17,0,'gsearch','nonbrand','g_ad_1','desktop','https://www.gsearch.com'),
(18,'2012-03-19 10:16:57',18,0,'gsearch','nonbrand','g_ad_1','desktop','https://www.gsearch.com'),
(19,'2012-03-19 10:17:38',19,0,'gsearch','nonbrand','g_ad_1','mobile','https://www.gsearch.com'),
(20,'2012-03-19 10:22:58',20,0,'gsearch','nonbrand','g_ad_1','desktop','https://www.gsearch.com'),
(21,'2012-03-19 10:51:38',21,0,'gsearch','nonbrand','g_ad_1','desktop','https://www.gsearch.com'),
(22,'2012-03-19 10:54:55',22,0,'gsearch','nonbrand','g_ad_1','desktop','https://www.gsearch.com'),
(23,'2012-03-19 10:59:03',23,0,'gsearch','nonbrand','g_ad_1','mobile','https://www.gsearch.com'),
(24,'2012-03-19 11:08:58',24,0,'gsearch','nonbrand','g_ad_1','desktop','https://www.gsearch.com'),
(25,'2012-03-19 11:16:42',25,0,'gsearch','nonbrand','g_ad_1','desktop','https://www.gsearch.com'),
(26,'2012-03-19 11:20:14',26,0,'gsearch','nonbrand','g_ad_1','desktop','https://www.gsearch.com'),
(27,'2012-03-19 11:22:58',27,0,'gsearch','nonbrand','g_ad_1','desktop','https://www.gsearch.com'),
(28,'2012-03-19 11:24:59',28,0,'gsearch','nonbrand','g_ad_1','mobile','https://www.gsearch.com'),
(29,'2012-03-19 11:33:47',29,0,'gsearch','nonbrand','g_ad_1','mobile','https://www.gsearch.com'),
(30,'2012-03-19 11:43:21',30,0,'gsearch','nonbrand','g_ad_1','desktop','https://www.gsearch.com'),
(31,'2012-03-19 11:46:37',31,0,'gsearch','nonbrand','g_ad_1','desktop','https://www.gsearch.com'),
(32,'2012-03-19 11:53:24',32,0,'gsearch','nonbrand','g_ad_1','mobile','https://www.gsearch.com'),
(33,'2012-03-19 11:58:52',33,0,'gsearch','nonbrand','g_ad_1','desktop','https://www.gsearch.com'),
(34,'2012-03-19 12:01:28',34,0,'gsearch','nonbrand','g_ad_1','desktop','https://www.gsearch.com'),
(35,'2012-03-19 12:02:18',35,0,'gsearch','nonbrand','g_ad_1','desktop','https://www.gsearch.com'),
(36,'2012-03-19 12:07:36',36,0,'gsearch','nonbrand','g_ad_1','desktop','https://www.gsearch.com'),
(37,'2012-03-19 12:09:24',37,0,'gsearch','nonbrand','g_ad_1','desktop','https://www.gsearch.com'),
(38,'2012-03-19 12:23:11',38,0,'gsearch','nonbrand','g_ad_1','desktop','https://www.gsearch.com'),
(39,'2012-03-19 12:35:54',39,0,'gsearch','nonbrand','g_ad_1','desktop','https://www.gsearch.com'),
(40,'2012-03-19 12:45:10',40,0,'gsearch','nonbrand','g_ad_1','desktop','https://www.gsearch.com'),
(41,'2012-03-19 12:55:38',41,0,'gsearch','nonbrand','g_ad_1','desktop','https://www.gsearch.com'),
(42,'2012-03-19 12:55:57',42,0,'gsearch','nonbrand','g_ad_1','desktop','https://www.gsearch.com'),
(43,'2012-03-19 12:57:35',43,0,'gsearch','nonbrand','g_ad_1','mobile','https://www.gsearch.com'),
(44,'2012-03-19 13:10:20',44,0,'gsearch','nonbrand','g_ad_1','desktop','https://www.gsearch.com'),
(45,'2012-03-19 13:11:43',45,0,'gsearch','nonbrand','g_ad_1','desktop','https://www.gsearch.com'),
(46,'2012-03-19 13:14:49',46,0,'gsearch','nonbrand','g_ad_1','mobile','https://www.gsearch.com'),
(47,'2012-03-19 13:19:35',47,0,'gsearch','nonbrand','g_ad_1','desktop','https://www.gsearch.com'),
(48,'2012-03-19 13:25:51',48,0,'gsearch','nonbrand','g_ad_1','desktop','https://www.gsearch.com'),
(49,'2012-03-19 13:29:52',49,0,'gsearch','nonbrand','g_ad_1','desktop','https://www.gsearch.com'),
(50,'2012-03-19 13:30:31',50,0,'gsearch','nonbrand','g_ad_1','desktop','https://www.gsearch.com'),
(51,'2012-03-19 13:37:56',51,0,'gsearch','nonbrand','g_ad_1','mobile','https://www.gsearch.com'),
(52,'2012-03-19 13:39:26',52,0,'gsearch','nonbrand','g_ad_1','desktop','https://www.gsearch.com'),
(53,'2012-03-19 14:01:42',53,0,'gsearch','nonbrand','g_ad_1','desktop','https://www.gsearch.com'),
(54,'2012-03-19 14:12:09',54,0,'gsearch','nonbrand','g_ad_1','desktop','https://www.gsearch.com'),
(55,'2012-03-19 14:15:08',55,0,'gsearch','nonbrand','g_ad_1','desktop','https://www.gsearch.com'),
(56,'2012-03-19 14:20:38',56,0,'gsearch','nonbrand','g_ad_1','desktop','https://www.gsearch.com'),
(57,'2012-03-19 14:23:51',57,0,'gsearch','nonbrand','g_ad_1','mobile','https://www.gsearch.com'),
(58,'2012-03-19 14:42:54',58,0,'gsearch','nonbrand','g_ad_1','mobile','https://www.gsearch.com'),
(59,'2012-03-19 14:51:15',59,0,'gsearch','nonbrand','g_ad_1','desktop','https://www.gsearch.com'),
(60,'2012-03-19 14:58:46',60,0,'gsearch','nonbrand','g_ad_1','mobile','https://www.gsearch.com'),
(61,'2012-03-19 15:01:00',61,0,'gsearch','nonbrand','g_ad_1','mobile','https://www.gsearch.com'),
(62,'2012-03-19 15:03:11',62,0,'gsearch','nonbrand','g_ad_1','mobile','https://www.gsearch.com'),
(63,'2012-03-19 15:03:57',63,0,'gsearch','nonbrand','g_ad_1','desktop','https://www.gsearch.com'),
(64,'2012-03-19 15:05:50',64,0,'gsearch','nonbrand','g_ad_1','desktop','https://www.gsearch.com'),
(65,'2012-03-19 15:13:54',65,0,'gsearch','nonbrand','g_ad_1','desktop','https://www.gsearch.com'),
(66,'2012-03-19 15:20:18',66,0,'gsearch','nonbrand','g_ad_1','desktop','https://www.gsearch.com'),
(67,'2012-03-19 15:29:46',67,0,'gsearch','nonbrand','g_ad_1','mobile','https://www.gsearch.com'),
(68,'2012-03-19 15:33:50',68,0,'gsearch','nonbrand','g_ad_1','desktop','https://www.gsearch.com'),
(69,'2012-03-19 15:56:47',69,0,'gsearch','nonbrand','g_ad_1','desktop','https://www.gsearch.com'),
(70,'2012-03-19 16:03:21',70,0,'gsearch','nonbrand','g_ad_1','desktop','https://www.gsearch.com'),
(71,'2012-03-19 16:03:55',71,0,'gsearch','nonbrand','g_ad_1','desktop','https://www.gsearch.com'),
(72,'2012-03-19 16:20:19',72,0,'gsearch','nonbrand','g_ad_1','desktop','https://www.gsearch.com'),
(73,'2012-03-19 16:32:16',73,0,'gsearch','nonbrand','g_ad_1','mobile','https://www.gsearch.com'),
(74,'2012-03-19 16:38:30',74,0,'gsearch','nonbrand','g_ad_1','mobile','https://www.gsearch.com'),
(75,'2012-03-19 16:39:59',75,0,'gsearch','nonbrand','g_ad_1','desktop','https://www.gsearch.com'),
(76,'2012-03-19 16:47:52',76,0,'gsearch','nonbrand','g_ad_1','desktop','https://www.gsearch.com'),
(77,'2012-03-19 16:55:37',77,0,'gsearch','nonbrand','g_ad_1','desktop','https://www.gsearch.com'),
(78,'2012-03-19 16:56:43',78,0,'gsearch','nonbrand','g_ad_1','mobile','https://www.gsearch.com'),
(79,'2012-03-19 16:59:12',79,0,'gsearch','nonbrand','g_ad_1','mobile','https://www.gsearch.com'),
(80,'2012-03-19 17:02:42',80,0,'gsearch','nonbrand','g_ad_1','desktop','https://www.gsearch.com'),
(81,'2012-03-19 17:05:02',81,0,'gsearch','nonbrand','g_ad_1','desktop','https://www.gsearch.com'),
(82,'2012-03-19 17:06:31',82,0,'gsearch','nonbrand','g_ad_1','desktop','https://www.gsearch.com'),
(83,'2012-03-19 17:08:45',83,0,'gsearch','nonbrand','g_ad_1','mobile','https://www.gsearch.com'),
(84,'2012-03-19 17:20:04',84,0,'gsearch','nonbrand','g_ad_1','mobile','https://www.gsearch.com'),
(85,'2012-03-19 17:23:41',85,0,'gsearch','nonbrand','g_ad_1','mobile','https://www.gsearch.com'),
(86,'2012-03-19 17:39:03',86,0,'gsearch','nonbrand','g_ad_1','desktop','https://www.gsearch.com'),
(87,'2012-03-19 17:43:37',87,0,'gsearch','nonbrand','g_ad_1','desktop','https://www.gsearch.com'),
(88,'2012-03-19 17:49:08',88,0,'gsearch','nonbrand','g_ad_1','desktop','https://www.gsearch.com'),
(89,'2012-03-19 17:56:53',89,0,'gsearch','nonbrand','g_ad_1','desktop','https://www.gsearch.com'),
(90,'2012-03-19 17:58:38',90,0,'gsearch','nonbrand','g_ad_1','desktop','https://www.gsearch.com'),
(91,'2012-03-19 18:06:16',91,0,'gsearch','nonbrand','g_ad_1','desktop','https://www.gsearch.com'),
(92,'2012-03-19 18:07:02',92,0,'gsearch','nonbrand','g_ad_1','mobile','https://www.gsearch.com'),
(93,'2012-03-19 18:08:27',93,0,'gsearch','nonbrand','g_ad_1','mobile','https://www.gsearch.com'),
(94,'2012-03-19 18:09:58',94,0,'gsearch','nonbrand','g_ad_1','desktop','https://www.gsearch.com'),
(95,'2012-03-19 18:11:39',95,0,'gsearch','nonbrand','g_ad_1','mobile','https://www.gsearch.com'),
(96,'2012-03-19 18:20:34',96,0,'gsearch','nonbrand','g_ad_1','mobile','https://www.gsearch.com'),
(97,'2012-03-19 18:29:05',97,0,'gsearch','nonbrand','g_ad_1','mobile','https://www.gsearch.com'),
(98,'2012-03-19 18:31:53',98,0,'gsearch','nonbrand','g_ad_1','mobile','https://www.gsearch.com'),
(99,'2012-03-19 18:40:42',99,0,'gsearch','nonbrand','g_ad_1','desktop','https://www.gsearch.com'),
(100,'2012-03-19 18:53:45',100,0,'gsearch','nonbrand','g_ad_1','desktop','https://www.gsearch.com');
COMMIT;


SET AUTOCOMMIT=0;
INSERT INTO website_pageviews VALUES 
(1,'2012-03-19 08:04:16',1,'/home'),
(2,'2012-03-19 08:16:49',2,'/home'),
(3,'2012-03-19 08:26:55',3,'/home'),
(4,'2012-03-19 08:37:33',4,'/home'),
(5,'2012-03-19 09:00:55',5,'/home'),
(6,'2012-03-19 09:05:46',6,'/home'),
(7,'2012-03-19 09:06:27',7,'/home'),
(8,'2012-03-19 09:10:08',6,'/products'),
(9,'2012-03-19 09:10:52',6,'/the-original-mr-fuzzy'),
(10,'2012-03-19 09:14:02',6,'/cart'),
(11,'2012-03-19 09:16:52',6,'/shipping'),
(12,'2012-03-19 09:17:17',8,'/home'),
(13,'2012-03-19 09:19:52',6,'/billing'),
(14,'2012-03-19 09:27:56',9,'/home'),
(15,'2012-03-19 09:35:37',10,'/home'),
(16,'2012-03-19 09:37:42',11,'/home'),
(17,'2012-03-19 09:39:57',12,'/home'),
(18,'2012-03-19 09:45:29',13,'/home'),
(19,'2012-03-19 09:45:47',14,'/home'),
(20,'2012-03-19 09:57:14',15,'/home'),
(21,'2012-03-19 10:01:35',16,'/home'),
(22,'2012-03-19 10:01:46',15,'/products'),
(23,'2012-03-19 10:05:34',15,'/the-original-mr-fuzzy'),
(24,'2012-03-19 10:07:07',16,'/products'),
(25,'2012-03-19 10:14:34',17,'/home'),
(26,'2012-03-19 10:16:57',18,'/home'),
(27,'2012-03-19 10:17:38',19,'/home'),
(28,'2012-03-19 10:18:58',18,'/products'),
(29,'2012-03-19 10:22:17',18,'/the-original-mr-fuzzy'),
(30,'2012-03-19 10:22:58',20,'/home'),
(31,'2012-03-19 10:23:23',18,'/cart'),
(32,'2012-03-19 10:28:09',20,'/products'),
(33,'2012-03-19 10:28:37',20,'/the-original-mr-fuzzy'),
(34,'2012-03-19 10:31:29',20,'/cart'),
(35,'2012-03-19 10:34:43',20,'/shipping'),
(36,'2012-03-19 10:36:31',20,'/billing'),
(37,'2012-03-19 10:42:46',20,'/thank-you-for-your-order'),
(38,'2012-03-19 10:51:38',21,'/home'),
(39,'2012-03-19 10:54:55',22,'/home'),
(40,'2012-03-19 10:59:03',23,'/home'),
(41,'2012-03-19 11:08:58',24,'/home'),
(42,'2012-03-19 11:16:42',25,'/home'),
(43,'2012-03-19 11:20:14',26,'/home'),
(44,'2012-03-19 11:22:58',27,'/home'),
(45,'2012-03-19 11:24:59',28,'/home'),
(46,'2012-03-19 11:28:43',27,'/products'),
(47,'2012-03-19 11:33:47',29,'/home'),
(48,'2012-03-19 11:43:21',30,'/home'),
(49,'2012-03-19 11:46:37',31,'/home'),
(50,'2012-03-19 11:47:49',30,'/products'),
(51,'2012-03-19 11:53:24',32,'/home'),
(52,'2012-03-19 11:58:52',33,'/home'),
(53,'2012-03-19 11:59:59',33,'/products'),
(54,'2012-03-19 12:01:00',33,'/the-original-mr-fuzzy'),
(55,'2012-03-19 12:01:28',34,'/home'),
(56,'2012-03-19 12:02:18',35,'/home'),
(57,'2012-03-19 12:03:01',34,'/products'),
(58,'2012-03-19 12:06:27',34,'/the-original-mr-fuzzy'),
(59,'2012-03-19 12:07:36',36,'/home'),
(60,'2012-03-19 12:09:24',37,'/home'),
(61,'2012-03-19 12:23:11',38,'/home'),
(62,'2012-03-19 12:35:54',39,'/home'),
(63,'2012-03-19 12:39:06',39,'/products'),
(64,'2012-03-19 12:39:43',39,'/the-original-mr-fuzzy'),
(65,'2012-03-19 12:45:10',40,'/home'),
(66,'2012-03-19 12:49:41',40,'/products'),
(67,'2012-03-19 12:51:04',40,'/the-original-mr-fuzzy'),
(68,'2012-03-19 12:55:38',41,'/home'),
(69,'2012-03-19 12:55:57',42,'/home'),
(70,'2012-03-19 12:56:57',41,'/products'),
(71,'2012-03-19 12:57:22',41,'/the-original-mr-fuzzy'),
(72,'2012-03-19 12:57:35',43,'/home'),
(73,'2012-03-19 12:59:12',42,'/products'),
(74,'2012-03-19 13:01:15',42,'/the-original-mr-fuzzy'),
(75,'2012-03-19 13:10:20',44,'/home'),
(76,'2012-03-19 13:11:43',45,'/home'),
(77,'2012-03-19 13:14:49',46,'/home'),
(78,'2012-03-19 13:17:36',46,'/products'),
(79,'2012-03-19 13:19:35',47,'/home'),
(80,'2012-03-19 13:21:56',46,'/the-original-mr-fuzzy'),
(81,'2012-03-19 13:25:17',46,'/cart'),
(82,'2012-03-19 13:25:51',48,'/home'),
(83,'2012-03-19 13:28:21',48,'/products'),
(84,'2012-03-19 13:29:52',49,'/home'),
(85,'2012-03-19 13:30:31',50,'/home'),
(86,'2012-03-19 13:34:27',49,'/products'),
(87,'2012-03-19 13:36:27',49,'/the-original-mr-fuzzy'),
(88,'2012-03-19 13:36:54',49,'/cart'),
(89,'2012-03-19 13:37:56',51,'/home'),
(90,'2012-03-19 13:39:26',52,'/home'),
(91,'2012-03-19 13:40:38',49,'/shipping'),
(92,'2012-03-19 13:41:46',52,'/products'),
(93,'2012-03-19 13:42:58',52,'/the-original-mr-fuzzy'),
(94,'2012-03-19 13:43:13',49,'/billing'),
(95,'2012-03-19 14:01:42',53,'/home'),
(96,'2012-03-19 14:12:09',54,'/home'),
(97,'2012-03-19 14:14:07',54,'/products'),
(98,'2012-03-19 14:15:08',55,'/home'),
(99,'2012-03-19 14:18:16',54,'/the-original-mr-fuzzy'),
(100,'2012-03-19 14:20:38',56,'/home');
COMMIT;


SET AUTOCOMMIT=0;
INSERT INTO products VALUES 
(1,'2012-03-19 08:00:00','The Original Mr. Fuzzy'),
(2,'2013-01-06 13:00:00','The Forever Love Bear'),
(3,'2013-12-12 09:00:00','The Birthday Sugar Panda'),
(4,'2014-02-05 10:00:00','The Hudson River Mini bear');

COMMIT;

SET AUTOCOMMIT=0;
INSERT INTO orders VALUES 
(1,'2012-03-19 10:42:46',20,20,1,1,49.99,19.49),
(2,'2012-03-19 19:27:37',104,104,1,1,49.99,19.49),
(3,'2012-03-20 06:44:45',147,147,1,1,49.99,19.49),
(4,'2012-03-20 09:41:45',160,160,1,1,49.99,19.49),
(5,'2012-03-20 11:28:15',177,177,1,1,49.99,19.49),
(6,'2012-03-20 16:12:47',232,232,1,1,49.99,19.49),
(7,'2012-03-20 17:03:41',241,241,1,1,49.99,19.49),
(8,'2012-03-20 23:35:27',295,295,1,1,49.99,19.49),
(9,'2012-03-21 02:35:01',304,304,1,1,49.99,19.49),
(10,'2012-03-21 06:45:58',317,317,1,1,49.99,19.49),
(11,'2012-03-21 07:28:02',321,321,1,1,49.99,19.49),
(12,'2012-03-21 08:21:33',327,327,1,1,49.99,19.49),
(13,'2012-03-21 08:45:32',332,332,1,1,49.99,19.49),
(14,'2012-03-21 09:12:05',336,336,1,1,49.99,19.49),
(15,'2012-03-21 16:40:06',428,428,1,1,49.99,19.49),
(16,'2012-03-21 17:13:05',434,434,1,1,49.99,19.49),
(17,'2012-03-21 20:28:11',465,465,1,1,49.99,19.49),
(18,'2012-03-22 06:15:33',507,507,1,1,49.99,19.49),
(19,'2012-03-22 10:03:49',536,536,1,1,49.99,19.49),
(20,'2012-03-22 17:49:57',615,615,1,1,49.99,19.49),
(21,'2012-03-22 20:33:40',639,639,1,1,49.99,19.49),
(22,'2012-03-23 12:09:46',732,732,1,1,49.99,19.49),
(23,'2012-03-23 14:16:23',750,750,1,1,49.99,19.49),
(24,'2012-03-23 17:14:48',783,783,1,1,49.99,19.49),
(25,'2012-03-24 09:21:40',844,844,1,1,49.99,19.49),
(26,'2012-03-25 08:32:41',908,908,1,1,49.99,19.49),
(27,'2012-03-25 08:51:27',909,909,1,1,49.99,19.49),
(28,'2012-03-25 16:00:12',940,940,1,1,49.99,19.49),
(29,'2012-03-25 21:23:16',954,954,1,1,49.99,19.49),
(30,'2012-03-26 10:03:39',1018,1016,1,1,49.99,19.49),
(31,'2012-03-26 10:25:44',1023,1021,1,1,49.99,19.49),
(32,'2012-03-26 14:13:56',1059,1055,1,1,49.99,19.49),
(33,'2012-03-26 16:00:19',1081,1077,1,1,49.99,19.49),
(34,'2012-03-26 17:55:25',1094,1090,1,1,49.99,19.49),
(35,'2012-03-26 18:06:39',1098,1094,1,1,49.99,19.49),
(36,'2012-03-26 18:54:41',1105,1101,1,1,49.99,19.49),
(37,'2012-03-26 19:19:25',1107,1103,1,1,49.99,19.49),
(38,'2012-03-26 21:13:07',1125,1121,1,1,49.99,19.49),
(39,'2012-03-27 15:18:43',1243,1238,1,1,49.99,19.49),
(40,'2012-03-27 16:53:30',1256,1251,1,1,49.99,19.49),
(41,'2012-03-28 08:30:06',1330,1325,1,1,49.99,19.49),
(42,'2012-03-28 09:56:58',1343,1337,1,1,49.99,19.49),
(43,'2012-03-28 16:55:52',1419,1412,1,1,49.99,19.49),
(44,'2012-03-28 21:24:10',1454,1447,1,1,49.99,19.49),
(45,'2012-03-28 22:45:52',1463,1456,1,1,49.99,19.49),
(46,'2012-03-29 16:11:05',1581,1574,1,1,49.99,19.49),
(47,'2012-03-29 17:49:07',1605,1598,1,1,49.99,19.49),
(48,'2012-03-29 23:09:30',1643,1635,1,1,49.99,19.49),
(49,'2012-03-30 00:25:18',1646,1638,1,1,49.99,19.49),
(50,'2012-03-30 02:27:35',1654,1646,1,1,49.99,19.49),
(51,'2012-03-30 10:06:25',1685,1677,1,1,49.99,19.49),
(52,'2012-03-30 10:24:06',1691,1683,1,1,49.99,19.49),
(53,'2012-03-30 12:47:30',1709,1701,1,1,49.99,19.49),
(54,'2012-03-30 14:26:49',1726,1718,1,1,49.99,19.49),
(55,'2012-03-30 14:39:09',1729,1721,1,1,49.99,19.49),
(56,'2012-03-31 00:22:18',1790,1782,1,1,49.99,19.49),
(57,'2012-03-31 02:32:43',1802,1794,1,1,49.99,19.49),
(58,'2012-03-31 06:40:10',1807,1799,1,1,49.99,19.49),
(59,'2012-03-31 10:25:39',1823,1815,1,1,49.99,19.49),
(60,'2012-03-31 19:24:33',1863,1855,1,1,49.99,19.49),
(61,'2012-04-01 06:45:11',1890,1882,1,1,49.99,19.49),
(62,'2012-04-01 12:38:27',1912,1902,1,1,49.99,19.49),
(63,'2012-04-01 17:33:26',1939,1929,1,1,49.99,19.49),
(64,'2012-04-01 18:26:19',1944,1934,1,1,49.99,19.49),
(65,'2012-04-02 11:07:48',2036,2025,1,1,49.99,19.49),
(66,'2012-04-02 16:32:15',2089,2076,1,1,49.99,19.49),
(67,'2012-04-02 17:17:42',2102,2089,1,1,49.99,19.49),
(68,'2012-04-02 18:36:27',2115,2102,1,1,49.99,19.49),
(69,'2012-04-03 10:29:20',2210,2196,1,1,49.99,19.49),
(70,'2012-04-03 11:53:36',2231,2217,1,1,49.99,19.49),
(71,'2012-04-03 15:03:48',2262,2247,1,1,49.99,19.49),
(72,'2012-04-03 16:31:50',2291,2276,1,1,49.99,19.49),
(73,'2012-04-03 16:36:02',2295,1752,1,1,49.99,19.49),
(74,'2012-04-03 19:09:43',2325,2309,1,1,49.99,19.49),
(75,'2012-04-04 07:47:38',2392,2376,1,1,49.99,19.49),
(76,'2012-04-04 11:13:55',2422,2405,1,1,49.99,19.49),
(77,'2012-04-04 11:34:52',2431,2414,1,1,49.99,19.49),
(78,'2012-04-04 18:21:44',2514,2495,1,1,49.99,19.49),
(79,'2012-04-04 19:00:06',2522,2503,1,1,49.99,19.49),
(80,'2012-04-05 10:34:00',2624,383,1,1,49.99,19.49),
(81,'2012-04-05 13:15:34',2668,2644,1,1,49.99,19.49),
(82,'2012-04-05 20:11:27',2770,2746,1,1,49.99,19.49),
(83,'2012-04-06 04:04:23',2810,2786,1,1,49.99,19.49),
(84,'2012-04-06 12:16:39',2879,2854,1,1,49.99,19.49),
(85,'2012-04-06 17:13:09',2942,2916,1,1,49.99,19.49),
(86,'2012-04-06 22:48:48',2982,2956,1,1,49.99,19.49),
(87,'2012-04-07 04:47:20',3000,2972,1,1,49.99,19.49),
(88,'2012-04-07 16:15:03',3040,3012,1,1,49.99,19.49),
(89,'2012-04-07 16:55:38',3044,3016,1,1,49.99,19.49),
(90,'2012-04-08 02:25:16',3077,3048,1,1,49.99,19.49),
(91,'2012-04-08 05:52:53',3082,3053,1,1,49.99,19.49),
(92,'2012-04-08 20:50:48',3137,3107,1,1,49.99,19.49),
(93,'2012-04-08 21:10:18',3139,3109,1,1,49.99,19.49),
(94,'2012-04-08 22:33:08',3147,3116,1,1,49.99,19.49),
(95,'2012-04-09 09:49:50',3189,3158,1,1,49.99,19.49),
(96,'2012-04-09 09:50:14',3188,3157,1,1,49.99,19.49),
(97,'2012-04-09 11:25:30',3208,3177,1,1,49.99,19.49),
(98,'2012-04-09 15:01:23',3247,3215,1,1,49.99,19.49),
(99,'2012-04-09 19:48:47',3295,3263,1,1,49.99,19.49),
(100,'2012-04-09 20:28:57',3299,3267,1,1,49.99,19.49);
COMMIT;

SET AUTOCOMMIT=0;
INSERT INTO order_items VALUES 
(1,'2012-03-19 10:42:46',1,1,1,49.99,19.49),
(2,'2012-03-19 19:27:37',2,1,1,49.99,19.49),
(3,'2012-03-20 06:44:45',3,1,1,49.99,19.49),
(4,'2012-03-20 09:41:45',4,1,1,49.99,19.49),
(5,'2012-03-20 11:28:15',5,1,1,49.99,19.49),
(6,'2012-03-20 16:12:47',6,1,1,49.99,19.49),
(7,'2012-03-20 17:03:41',7,1,1,49.99,19.49),
(8,'2012-03-20 23:35:27',8,1,1,49.99,19.49),
(9,'2012-03-21 02:35:01',9,1,1,49.99,19.49),
(10,'2012-03-21 06:45:58',10,1,1,49.99,19.49),
(11,'2012-03-21 07:28:02',11,1,1,49.99,19.49),
(12,'2012-03-21 08:21:33',12,1,1,49.99,19.49),
(13,'2012-03-21 08:45:32',13,1,1,49.99,19.49),
(14,'2012-03-21 09:12:05',14,1,1,49.99,19.49),
(15,'2012-03-21 16:40:06',15,1,1,49.99,19.49),
(16,'2012-03-21 17:13:05',16,1,1,49.99,19.49),
(17,'2012-03-21 20:28:11',17,1,1,49.99,19.49),
(18,'2012-03-22 06:15:33',18,1,1,49.99,19.49),
(19,'2012-03-22 10:03:49',19,1,1,49.99,19.49),
(20,'2012-03-22 17:49:57',20,1,1,49.99,19.49),
(21,'2012-03-22 20:33:40',21,1,1,49.99,19.49),
(22,'2012-03-23 12:09:46',22,1,1,49.99,19.49),
(23,'2012-03-23 14:16:23',23,1,1,49.99,19.49),
(24,'2012-03-23 17:14:48',24,1,1,49.99,19.49),
(25,'2012-03-24 09:21:40',25,1,1,49.99,19.49),
(26,'2012-03-25 08:32:41',26,1,1,49.99,19.49),
(27,'2012-03-25 08:51:27',27,1,1,49.99,19.49),
(28,'2012-03-25 16:00:12',28,1,1,49.99,19.49),
(29,'2012-03-25 21:23:16',29,1,1,49.99,19.49),
(30,'2012-03-26 10:03:39',30,1,1,49.99,19.49),
(31,'2012-03-26 10:25:44',31,1,1,49.99,19.49),
(32,'2012-03-26 14:13:56',32,1,1,49.99,19.49),
(33,'2012-03-26 16:00:19',33,1,1,49.99,19.49),
(34,'2012-03-26 17:55:25',34,1,1,49.99,19.49),
(35,'2012-03-26 18:06:39',35,1,1,49.99,19.49),
(36,'2012-03-26 18:54:41',36,1,1,49.99,19.49),
(37,'2012-03-26 19:19:25',37,1,1,49.99,19.49),
(38,'2012-03-26 21:13:07',38,1,1,49.99,19.49),
(39,'2012-03-27 15:18:43',39,1,1,49.99,19.49),
(40,'2012-03-27 16:53:30',40,1,1,49.99,19.49),
(41,'2012-03-28 08:30:06',41,1,1,49.99,19.49),
(42,'2012-03-28 09:56:58',42,1,1,49.99,19.49),
(43,'2012-03-28 16:55:52',43,1,1,49.99,19.49),
(44,'2012-03-28 21:24:10',44,1,1,49.99,19.49),
(45,'2012-03-28 22:45:52',45,1,1,49.99,19.49),
(46,'2012-03-29 16:11:05',46,1,1,49.99,19.49),
(47,'2012-03-29 17:49:07',47,1,1,49.99,19.49),
(48,'2012-03-29 23:09:30',48,1,1,49.99,19.49),
(49,'2012-03-30 00:25:18',49,1,1,49.99,19.49),
(50,'2012-03-30 02:27:35',50,1,1,49.99,19.49),
(51,'2012-03-30 10:06:25',51,1,1,49.99,19.49),
(52,'2012-03-30 10:24:06',52,1,1,49.99,19.49),
(53,'2012-03-30 12:47:30',53,1,1,49.99,19.49),
(54,'2012-03-30 14:26:49',54,1,1,49.99,19.49),
(55,'2012-03-30 14:39:09',55,1,1,49.99,19.49),
(56,'2012-03-31 00:22:18',56,1,1,49.99,19.49),
(57,'2012-03-31 02:32:43',57,1,1,49.99,19.49),
(58,'2012-03-31 06:40:10',58,1,1,49.99,19.49),
(59,'2012-03-31 10:25:39',59,1,1,49.99,19.49),
(60,'2012-03-31 19:24:33',60,1,1,49.99,19.49),
(61,'2012-04-01 06:45:11',61,1,1,49.99,19.49),
(62,'2012-04-01 12:38:27',62,1,1,49.99,19.49),
(63,'2012-04-01 17:33:26',63,1,1,49.99,19.49),
(64,'2012-04-01 18:26:19',64,1,1,49.99,19.49),
(65,'2012-04-02 11:07:48',65,1,1,49.99,19.49),
(66,'2012-04-02 16:32:15',66,1,1,49.99,19.49),
(67,'2012-04-02 17:17:42',67,1,1,49.99,19.49),
(68,'2012-04-02 18:36:27',68,1,1,49.99,19.49),
(69,'2012-04-03 10:29:20',69,1,1,49.99,19.49),
(70,'2012-04-03 11:53:36',70,1,1,49.99,19.49),
(71,'2012-04-03 15:03:48',71,1,1,49.99,19.49),
(72,'2012-04-03 16:31:50',72,1,1,49.99,19.49),
(73,'2012-04-03 16:36:02',73,1,1,49.99,19.49),
(74,'2012-04-03 19:09:43',74,1,1,49.99,19.49),
(75,'2012-04-04 07:47:38',75,1,1,49.99,19.49),
(76,'2012-04-04 11:13:55',76,1,1,49.99,19.49),
(77,'2012-04-04 11:34:52',77,1,1,49.99,19.49),
(78,'2012-04-04 18:21:44',78,1,1,49.99,19.49),
(79,'2012-04-04 19:00:06',79,1,1,49.99,19.49),
(80,'2012-04-05 10:34:00',80,1,1,49.99,19.49),
(81,'2012-04-05 13:15:34',81,1,1,49.99,19.49),
(82,'2012-04-05 20:11:27',82,1,1,49.99,19.49),
(83,'2012-04-06 04:04:23',83,1,1,49.99,19.49),
(84,'2012-04-06 12:16:39',84,1,1,49.99,19.49),
(85,'2012-04-06 17:13:09',85,1,1,49.99,19.49),
(86,'2012-04-06 22:48:48',86,1,1,49.99,19.49),
(87,'2012-04-07 04:47:20',87,1,1,49.99,19.49),
(88,'2012-04-07 16:15:03',88,1,1,49.99,19.49),
(89,'2012-04-07 16:55:38',89,1,1,49.99,19.49),
(90,'2012-04-08 02:25:16',90,1,1,49.99,19.49),
(91,'2012-04-08 05:52:53',91,1,1,49.99,19.49),
(92,'2012-04-08 20:50:48',92,1,1,49.99,19.49),
(93,'2012-04-08 21:10:18',93,1,1,49.99,19.49),
(94,'2012-04-08 22:33:08',94,1,1,49.99,19.49),
(95,'2012-04-09 09:49:50',95,1,1,49.99,19.49),
(96,'2012-04-09 09:50:14',96,1,1,49.99,19.49),
(97,'2012-04-09 11:25:30',97,1,1,49.99,19.49),
(98,'2012-04-09 15:01:23',98,1,1,49.99,19.49),
(99,'2012-04-09 19:48:47',99,1,1,49.99,19.49),
(100,'2012-04-09 20:28:57',100,1,1,49.99,19.49);
COMMIT;

SET AUTOCOMMIT=0;
INSERT INTO order_item_refunds VALUES 
(1,'2012-04-06 11:32:43',57,57,49.99),
(2,'2012-04-13 01:09:43',74,74,49.99),
(3,'2012-04-15 07:03:48',71,71,49.99),
(4,'2012-04-17 20:00:37',118,118,49.99),
(5,'2012-04-22 20:53:49',116,116,49.99),
(6,'2012-05-04 11:59:07',147,147,49.99),
(7,'2012-05-12 02:41:14',186,186,49.99),
(8,'2012-05-16 13:06:01',191,191,49.99),
(9,'2012-05-24 16:00:09',179,179,49.99),
(10,'2012-05-30 17:20:44',199,199,49.99),
(11,'2012-06-06 14:22:14',271,271,49.99),
(12,'2012-06-10 19:54:47',290,290,49.99),
(13,'2012-06-20 19:13:12',335,335,49.99),
(14,'2012-06-28 18:54:22',382,382,49.99),
(15,'2012-06-29 15:50:01',357,357,49.99),
(16,'2012-07-05 14:24:53',409,409,49.99),
(17,'2012-07-07 07:36:44',368,368,49.99),
(18,'2012-07-07 19:54:28',391,391,49.99),
(19,'2012-07-08 02:59:09',424,424,49.99),
(20,'2012-07-10 14:31:05',393,393,49.99),
(21,'2012-07-11 22:16:10',442,442,49.99),
(22,'2012-07-19 06:57:16',472,472,49.99),
(23,'2012-07-20 13:51:53',470,470,49.99),
(24,'2012-07-21 09:45:01',469,469,49.99),
(25,'2012-07-22 12:53:11',471,471,49.99),
(26,'2012-07-27 18:03:58',468,468,49.99),
(27,'2012-07-29 07:41:18',467,467,49.99),
(28,'2012-07-31 01:43:50',500,500,49.99),
(29,'2012-08-01 13:50:52',501,501,49.99),
(30,'2012-08-06 23:16:41',568,568,49.99),
(31,'2012-08-08 17:45:11',545,545,49.99),
(32,'2012-08-09 17:14:14',558,558,49.99),
(33,'2012-08-12 01:39:11',577,577,49.99),
(34,'2012-08-12 19:26:58',648,648,49.99),
(35,'2012-08-15 03:07:26',669,669,49.99),
(36,'2012-08-16 10:58:58',587,587,49.99),
(37,'2012-08-17 00:42:29',581,581,49.99),
(38,'2012-08-17 00:43:39',584,584,49.99),
(39,'2012-08-18 09:15:40',638,638,49.99),
(40,'2012-08-20 08:19:51',676,676,49.99),
(41,'2012-08-23 12:16:35',717,717,49.99),
(42,'2012-08-24 15:15:48',661,661,49.99),
(43,'2012-08-27 04:21:11',694,694,49.99),
(44,'2012-08-27 14:26:16',668,668,49.99),
(45,'2012-08-29 00:16:18',739,739,49.99),
(46,'2012-08-29 14:11:58',718,718,49.99),
(47,'2012-09-01 10:36:40',780,780,49.99),
(48,'2012-09-03 21:08:59',786,786,49.99),
(49,'2012-09-08 09:52:41',760,760,49.99),
(50,'2012-09-12 12:31:11',844,844,49.99),
(51,'2012-09-13 07:09:10',823,823,49.99),
(52,'2012-09-14 07:45:19',883,883,49.99),
(53,'2012-09-14 09:09:54',818,818,49.99),
(54,'2012-09-14 21:56:14',900,900,49.99),
(55,'2012-09-15 09:00:25',838,838,49.99),
(56,'2012-09-15 19:18:27',807,807,49.99),
(57,'2012-09-18 08:07:59',910,910,49.99),
(58,'2012-09-19 19:57:16',849,849,49.99),
(59,'2012-09-22 17:50:53',988,988,49.99),
(60,'2012-09-24 12:27:05',934,934,49.99),
(61,'2012-09-24 15:13:26',993,993,49.99),
(62,'2012-09-24 20:49:53',950,950,49.99),
(63,'2012-09-25 08:14:53',969,969,49.99),
(64,'2012-09-27 01:07:36',953,953,49.99),
(65,'2012-09-27 04:26:24',905,905,49.99),
(66,'2012-09-29 19:44:05',941,941,49.99),
(67,'2012-09-30 10:29:56',939,939,49.99),
(68,'2012-10-02 19:14:21',1006,1006,49.99),
(69,'2012-10-05 11:06:14',1107,1107,49.99),
(70,'2012-10-05 18:22:42',1069,1069,49.99),
(71,'2012-10-06 00:04:13',984,984,49.99),
(72,'2012-10-06 07:54:10',1021,1021,49.99),
(73,'2012-10-07 01:25:32',1129,1129,49.99),
(74,'2012-10-07 15:51:25',1103,1103,49.99),
(75,'2012-10-08 15:43:52',1036,1036,49.99),
(76,'2012-10-10 10:23:40',1063,1063,49.99),
(77,'2012-10-10 13:15:44',1078,1078,49.99),
(78,'2012-10-10 15:18:51',1056,1056,49.99),
(79,'2012-10-13 21:35:11',1145,1145,49.99),
(80,'2012-10-14 19:15:52',1123,1123,49.99),
(81,'2012-10-17 12:24:18',1226,1226,49.99),
(82,'2012-10-20 13:42:51',1279,1279,49.99),
(83,'2012-10-20 17:49:01',1245,1245,49.99),
(84,'2012-10-21 19:42:47',1271,1271,49.99),
(85,'2012-10-22 11:33:07',1167,1167,49.99),
(86,'2012-10-22 14:28:55',1243,1243,49.99),
(87,'2012-10-23 18:58:17',1318,1318,49.99),
(88,'2012-10-25 04:26:48',1227,1227,49.99),
(89,'2012-10-26 07:25:27',1283,1283,49.99),
(90,'2012-10-28 06:17:14',1222,1222,49.99),
(91,'2012-10-29 00:19:14',1233,1233,49.99),
(92,'2012-11-01 08:02:36',1274,1274,49.99),
(93,'2012-11-01 17:40:26',1426,1426,49.99),
(94,'2012-11-01 18:56:47',1267,1267,49.99),
(95,'2012-11-02 14:46:50',1451,1451,49.99),
(96,'2012-11-03 18:58:54',1445,1445,49.99),
(97,'2012-11-04 06:41:25',1393,1393,49.99),
(98,'2012-11-05 18:35:20',1351,1351,49.99),
(99,'2012-11-06 16:47:45',1324,1324,49.99),
(100,'2012-11-06 17:59:29',1480,1480,49.99);
COMMIT;